dataset,method,seed,stage,metric,value
iapr,Full,2096,1,i2t_map,0.5129706675530908
iapr,Full,2096,1,i2t_old,nan
iapr,Full,2096,1,t2i_map,0.48608149392669026
iapr,Full,2096,1,t2i_old,nan
iapr,Full,2096,2,i2t_map,0.5092967122302223
iapr,Full,2096,2,i2t_old,0.5039155101694669
iapr,Full,2096,2,t2i_map,0.47721266182246536
iapr,Full,2096,2,t2i_old,0.4722206903886973
iapr,Full,2096,3,i2t_map,0.4983800381863295
iapr,Full,2096,3,i2t_old,0.49404126482746497
iapr,Full,2096,3,t2i_map,0.4707333136233131
iapr,Full,2096,3,t2i_old,0.4671897620661602
iapr,Full,2096,4,i2t_map,0.496217873205708
iapr,Full,2096,4,i2t_old,0.49306783783308294
iapr,Full,2096,4,t2i_map,0.4764888078413307
iapr,Full,2096,4,t2i_old,0.47171779655770746
iapr,Full,2096,5,i2t_map,0.4958819118710082
iapr,Full,2096,5,i2t_old,0.4936887725296586
iapr,Full,2096,5,t2i_map,0.47525381502258407
iapr,Full,2096,5,t2i_old,0.4740911463445325
iapr,Full,2096,6,i2t_map,0.49542492001681065
iapr,Full,2096,6,i2t_old,0.49485632498152426
iapr,Full,2096,6,t2i_map,0.47016672713549057
iapr,Full,2096,6,t2i_old,0.46915263062729806
iapr,Full,2096,7,i2t_map,0.4975752100123848
iapr,Full,2096,7,i2t_old,0.4962273833769934
iapr,Full,2096,7,t2i_map,0.47005993178520755
iapr,Full,2096,7,t2i_old,0.4676567358066359
iapr,Full,2096,8,i2t_map,0.4986615202727715
iapr,Full,2096,8,i2t_old,0.4982944096364817
iapr,Full,2096,8,t2i_map,0.47608171426637824
iapr,Full,2096,8,t2i_old,0.4753369456243059
iapr,Full,2096,9,i2t_map,0.4902246847236886
iapr,Full,2096,9,i2t_old,0.4901422928650787
iapr,Full,2096,9,t2i_map,0.4642102034904834
iapr,Full,2096,9,t2i_old,0.4640797477427372
iapr,Full,2096,10,i2t_map,0.4844055405824066
iapr,Full,2096,10,i2t_old,0.48511467468099567
iapr,Full,2096,10,t2i_map,0.46193924278234105
iapr,Full,2096,10,t2i_old,0.46195660470603506
iapr,Full,6513,1,i2t_map,0.5101851679124945
iapr,Full,6513,1,i2t_old,nan
iapr,Full,6513,1,t2i_map,0.4917002497669924
iapr,Full,6513,1,t2i_old,nan
iapr,Full,6513,2,i2t_map,0.5125251749837949
iapr,Full,6513,2,i2t_old,0.5041004954100281
iapr,Full,6513,2,t2i_map,0.4826041913150154
iapr,Full,6513,2,t2i_old,0.47695265877504267
iapr,Full,6513,3,i2t_map,0.5018977569089109
iapr,Full,6513,3,i2t_old,0.4972333284560526
iapr,Full,6513,3,t2i_map,0.47747597398078523
iapr,Full,6513,3,t2i_old,0.47496420034896025
iapr,Full,6513,4,i2t_map,0.4971354748264928
iapr,Full,6513,4,i2t_old,0.4937355727589281
iapr,Full,6513,4,t2i_map,0.4784394387199859
iapr,Full,6513,4,t2i_old,0.4739898912171774
iapr,Full,6513,5,i2t_map,0.4942981106410447
iapr,Full,6513,5,i2t_old,0.49117072913714793
iapr,Full,6513,5,t2i_map,0.47935776210003833
iapr,Full,6513,5,t2i_old,0.47770869047714903
iapr,Full,6513,6,i2t_map,0.498983488463691
iapr,Full,6513,6,i2t_old,0.49852921427341435
iapr,Full,6513,6,t2i_map,0.47978720513582435
iapr,Full,6513,6,t2i_old,0.4792909938809637
iapr,Full,6513,7,i2t_map,0.4968161975953001
iapr,Full,6513,7,i2t_old,0.49668750116177585
iapr,Full,6513,7,t2i_map,0.47415948876163805
iapr,Full,6513,7,t2i_old,0.472378184799932
iapr,Full,6513,8,i2t_map,0.49919572267140055
iapr,Full,6513,8,i2t_old,0.4989258721370779
iapr,Full,6513,8,t2i_map,0.4818902475855475
iapr,Full,6513,8,t2i_old,0.4820514508178425
iapr,Full,6513,9,i2t_map,0.49355447124220886
iapr,Full,6513,9,i2t_old,0.494031233212713
iapr,Full,6513,9,t2i_map,0.4854562755203011
iapr,Full,6513,9,t2i_old,0.4859699618587853
iapr,Full,6513,10,i2t_map,0.48982593044880707
iapr,Full,6513,10,i2t_old,0.4913277798185314
iapr,Full,6513,10,t2i_map,0.4780624304611824
iapr,Full,6513,10,t2i_old,0.47863395592339064
iapr,Full,9231,1,i2t_map,0.507028846375408
iapr,Full,9231,1,i2t_old,nan
iapr,Full,9231,1,t2i_map,0.49376154521331406
iapr,Full,9231,1,t2i_old,nan
iapr,Full,9231,2,i2t_map,0.500494215678276
iapr,Full,9231,2,i2t_old,0.4920421728536866
iapr,Full,9231,2,t2i_map,0.472861582407568
iapr,Full,9231,2,t2i_old,0.4636620342696195
iapr,Full,9231,3,i2t_map,0.49720467321846074
iapr,Full,9231,3,i2t_old,0.49344513882435614
iapr,Full,9231,3,t2i_map,0.47428457112535904
iapr,Full,9231,3,t2i_old,0.4710710251810087
iapr,Full,9231,4,i2t_map,0.4893057475299825
iapr,Full,9231,4,i2t_old,0.48637374095194863
iapr,Full,9231,4,t2i_map,0.47709032361456183
iapr,Full,9231,4,t2i_old,0.4726867835900933
iapr,Full,9231,5,i2t_map,0.48805075534273773
iapr,Full,9231,5,i2t_old,0.4846854683952169
iapr,Full,9231,5,t2i_map,0.47769505853081057
iapr,Full,9231,5,t2i_old,0.47651459102059895
iapr,Full,9231,6,i2t_map,0.4944605596346086
iapr,Full,9231,6,i2t_old,0.49333578732981864
iapr,Full,9231,6,t2i_map,0.4717805428979505
iapr,Full,9231,6,t2i_old,0.4712707298595797
iapr,Full,9231,7,i2t_map,0.49183517784692865
iapr,Full,9231,7,i2t_old,0.49039380777507835
iapr,Full,9231,7,t2i_map,0.4639893800382289
iapr,Full,9231,7,t2i_old,0.4620087843770392
iapr,Full,9231,8,i2t_map,0.49271818034421333
iapr,Full,9231,8,i2t_old,0.4924074598692701
iapr,Full,9231,8,t2i_map,0.4690596188163825
iapr,Full,9231,8,t2i_old,0.4688861850482276
iapr,Full,9231,9,i2t_map,0.4865427077022249
iapr,Full,9231,9,i2t_old,0.4866235191048632
iapr,Full,9231,9,t2i_map,0.466809623640282
iapr,Full,9231,9,t2i_old,0.46682658443576003
iapr,Full,9231,10,i2t_map,0.48479237841070416
iapr,Full,9231,10,i2t_old,0.4855652277831253
iapr,Full,9231,10,t2i_map,0.47075624312078573
iapr,Full,9231,10,t2i_old,0.47111024931277073
iapr,UIH,2096,1,i2t_map,0.23018486877189753
iapr,UIH,2096,1,i2t_old,nan
iapr,UIH,2096,1,t2i_map,0.22769264380120344
iapr,UIH,2096,1,t2i_old,nan
iapr,UIH,2096,2,i2t_map,0.22894756153005708
iapr,UIH,2096,2,i2t_old,0.2310190566101143
iapr,UIH,2096,2,t2i_map,0.2283003022932442
iapr,UIH,2096,2,t2i_old,0.224787218142575
iapr,UIH,2096,3,i2t_map,0.22980358708204177
iapr,UIH,2096,3,i2t_old,0.22849783593865047
iapr,UIH,2096,3,t2i_map,0.23050338130639303
iapr,UIH,2096,3,t2i_old,0.22987459828537563
iapr,UIH,2096,4,i2t_map,0.23079529710053048
iapr,UIH,2096,4,i2t_old,0.22992124317951176
iapr,UIH,2096,4,t2i_map,0.23318051200599316
iapr,UIH,2096,4,t2i_old,0.23317208954716626
iapr,UIH,2096,5,i2t_map,0.22938505204929996
iapr,UIH,2096,5,i2t_old,0.23042259971927703
iapr,UIH,2096,5,t2i_map,0.22982778894414668
iapr,UIH,2096,5,t2i_old,0.23094336141874913
iapr,UIH,2096,6,i2t_map,0.22760162819866983
iapr,UIH,2096,6,i2t_old,0.22955115757964253
iapr,UIH,2096,6,t2i_map,0.22779284268589234
iapr,UIH,2096,6,t2i_old,0.2280753701041373
iapr,UIH,2096,7,i2t_map,0.22732957346411126
iapr,UIH,2096,7,i2t_old,0.22754869915964504
iapr,UIH,2096,7,t2i_map,0.22831797491385447
iapr,UIH,2096,7,t2i_old,0.22779405040855044
iapr,UIH,2096,8,i2t_map,0.2275072256059532
iapr,UIH,2096,8,i2t_old,0.2273679175781745
iapr,UIH,2096,8,t2i_map,0.2282728675010815
iapr,UIH,2096,8,t2i_old,0.22843932449574184
iapr,UIH,2096,9,i2t_map,0.22790822124686186
iapr,UIH,2096,9,i2t_old,0.228028304876182
iapr,UIH,2096,9,t2i_map,0.2278406723043843
iapr,UIH,2096,9,t2i_old,0.2276564736134756
iapr,UIH,2096,10,i2t_map,0.226857305713187
iapr,UIH,2096,10,i2t_old,0.22703374702824766
iapr,UIH,2096,10,t2i_map,0.22761960922785993
iapr,UIH,2096,10,t2i_old,0.22779381204102359
iapr,UIH,6513,1,i2t_map,0.23017576656297778
iapr,UIH,6513,1,i2t_old,nan
iapr,UIH,6513,1,t2i_map,0.227727245971321
iapr,UIH,6513,1,t2i_old,nan
iapr,UIH,6513,2,i2t_map,0.22884534983698512
iapr,UIH,6513,2,i2t_old,0.2308647501313324
iapr,UIH,6513,2,t2i_map,0.2286598386156569
iapr,UIH,6513,2,t2i_old,0.22495015245369637
iapr,UIH,6513,3,i2t_map,0.22978148382634525
iapr,UIH,6513,3,i2t_old,0.2283395611766899
iapr,UIH,6513,3,t2i_map,0.2304831069952728
iapr,UIH,6513,3,t2i_old,0.2299978919204822
iapr,UIH,6513,4,i2t_map,0.23044356482562
iapr,UIH,6513,4,i2t_old,0.22963530010254135
iapr,UIH,6513,4,t2i_map,0.23305923972185547
iapr,UIH,6513,4,t2i_old,0.23308523793047892
iapr,UIH,6513,5,i2t_map,0.22913124887300793
iapr,UIH,6513,5,i2t_old,0.2301024106542307
iapr,UIH,6513,5,t2i_map,0.23025103281270867
iapr,UIH,6513,5,t2i_old,0.23132028433087506
iapr,UIH,6513,6,i2t_map,0.22746711449791107
iapr,UIH,6513,6,i2t_old,0.22937139672090673
iapr,UIH,6513,6,t2i_map,0.22780737145129495
iapr,UIH,6513,6,t2i_old,0.22811387687632811
iapr,UIH,6513,7,i2t_map,0.22736137794879294
iapr,UIH,6513,7,i2t_old,0.22760425972603066
iapr,UIH,6513,7,t2i_map,0.22845316553533435
iapr,UIH,6513,7,t2i_old,0.22788518898221385
iapr,UIH,6513,8,i2t_map,0.22745964385365766
iapr,UIH,6513,8,i2t_old,0.2272546921693706
iapr,UIH,6513,8,t2i_map,0.2284635844843068
iapr,UIH,6513,8,t2i_old,0.22860367362835585
iapr,UIH,6513,9,i2t_map,0.22787467716075985
iapr,UIH,6513,9,i2t_old,0.22798347268042993
iapr,UIH,6513,9,t2i_map,0.22800858558072878
iapr,UIH,6513,9,t2i_old,0.2278029565575792
iapr,UIH,6513,10,i2t_map,0.2268941053604593
iapr,UIH,6513,10,i2t_old,0.22700510734950333
iapr,UIH,6513,10,t2i_map,0.227782815991914
iapr,UIH,6513,10,t2i_old,0.2280343012042512
iapr,UIH,9231,1,i2t_map,0.22997814712254896
iapr,UIH,9231,1,i2t_old,nan
iapr,UIH,9231,1,t2i_map,0.22780362313387748
iapr,UIH,9231,1,t2i_old,nan
iapr,UIH,9231,2,i2t_map,0.22877535662582288
iapr,UIH,9231,2,i2t_old,0.23088993500430896
iapr,UIH,9231,2,t2i_map,0.22861505920354466
iapr,UIH,9231,2,t2i_old,0.22506655820061996
iapr,UIH,9231,3,i2t_map,0.2296516377627826
iapr,UIH,9231,3,i2t_old,0.22869113762645957
iapr,UIH,9231,3,t2i_map,0.23060318256037063
iapr,UIH,9231,3,t2i_old,0.23001957114951074
iapr,UIH,9231,4,i2t_map,0.230652345206106
iapr,UIH,9231,4,i2t_old,0.22988546245310096
iapr,UIH,9231,4,t2i_map,0.23353533515573888
iapr,UIH,9231,4,t2i_old,0.23352192395395116
iapr,UIH,9231,5,i2t_map,0.22921664199543315
iapr,UIH,9231,5,i2t_old,0.23035376799553317
iapr,UIH,9231,5,t2i_map,0.23017650285096689
iapr,UIH,9231,5,t2i_old,0.23129925977854307
iapr,UIH,9231,6,i2t_map,0.22758161022594028
iapr,UIH,9231,6,i2t_old,0.22949126122290758
iapr,UIH,9231,6,t2i_map,0.22818542899553565
iapr,UIH,9231,6,t2i_old,0.22852952375709668
iapr,UIH,9231,7,i2t_map,0.22749716317482582
iapr,UIH,9231,7,i2t_old,0.22767867628966737
iapr,UIH,9231,7,t2i_map,0.2284597536269703
iapr,UIH,9231,7,t2i_old,0.22783701990120586
iapr,UIH,9231,8,i2t_map,0.2277882995851361
iapr,UIH,9231,8,i2t_old,0.22758402350842585
iapr,UIH,9231,8,t2i_map,0.22836518288539456
iapr,UIH,9231,8,t2i_old,0.228537459188419
iapr,UIH,9231,9,i2t_map,0.2279529173530025
iapr,UIH,9231,9,i2t_old,0.22808411031680045
iapr,UIH,9231,9,t2i_map,0.22803434148627813
iapr,UIH,9231,9,t2i_old,0.22785505475243245
iapr,UIH,9231,10,i2t_map,0.22693551812667606
iapr,UIH,9231,10,i2t_old,0.22707114872949838
iapr,UIH,9231,10,t2i_map,0.22774382898711681
iapr,UIH,9231,10,t2i_old,0.2279584286712835
mscoco,Full,2096,1,i2t_map,0.49324360884009677
mscoco,Full,2096,1,i2t_old,nan
mscoco,Full,2096,1,t2i_map,0.5149760330026898
mscoco,Full,2096,1,t2i_old,nan
mscoco,Full,2096,2,i2t_map,0.5253636511947961
mscoco,Full,2096,2,i2t_old,0.5003750341622697
mscoco,Full,2096,2,t2i_map,0.5452196836479916
mscoco,Full,2096,2,t2i_old,0.5167333377077769
mscoco,Full,2096,3,i2t_map,0.5427853352142488
mscoco,Full,2096,3,i2t_old,0.5290327007622785
mscoco,Full,2096,3,t2i_map,0.5571132409878686
mscoco,Full,2096,3,t2i_old,0.5437574933989289
mscoco,Full,2096,4,i2t_map,0.547829916881691
mscoco,Full,2096,4,i2t_old,0.5387900565561029
mscoco,Full,2096,4,t2i_map,0.5600123875681537
mscoco,Full,2096,4,t2i_old,0.5491794229532319
mscoco,Full,2096,5,i2t_map,0.5516151630004064
mscoco,Full,2096,5,i2t_old,0.5458374439369157
mscoco,Full,2096,5,t2i_map,0.5688244012181998
mscoco,Full,2096,5,t2i_old,0.559516543527507
mscoco,Full,2096,6,i2t_map,0.5604004146996091
mscoco,Full,2096,6,i2t_old,0.55382205654351
mscoco,Full,2096,6,t2i_map,0.5782948910577127
mscoco,Full,2096,6,t2i_old,0.5716419834165689
mscoco,Full,2096,7,i2t_map,0.5622175558583696
mscoco,Full,2096,7,i2t_old,0.5593907517237837
mscoco,Full,2096,7,t2i_map,0.581246601972741
mscoco,Full,2096,7,t2i_old,0.5753530969316483
mscoco,Full,2096,8,i2t_map,0.5669441014528372
mscoco,Full,2096,8,i2t_old,0.5623711453411715
mscoco,Full,2096,8,t2i_map,0.5867676526005898
mscoco,Full,2096,8,t2i_old,0.5822252268986127
mscoco,Full,2096,9,i2t_map,0.5716256265454331
mscoco,Full,2096,9,i2t_old,0.5679819336402453
mscoco,Full,2096,9,t2i_map,0.590753977480053
mscoco,Full,2096,9,t2i_old,0.5868927589410147
mscoco,Full,2096,10,i2t_map,0.577102604490266
mscoco,Full,2096,10,i2t_old,0.5755221223171592
mscoco,Full,2096,10,t2i_map,0.5923621578491419
mscoco,Full,2096,10,t2i_old,0.5895026466525665
mscoco,Full,6513,1,i2t_map,0.4826852172154333
mscoco,Full,6513,1,i2t_old,nan
mscoco,Full,6513,1,t2i_map,0.49615045795878915
mscoco,Full,6513,1,t2i_old,nan
mscoco,Full,6513,2,i2t_map,0.5070315472944631
mscoco,Full,6513,2,i2t_old,0.4922026956187812
mscoco,Full,6513,2,t2i_map,0.5168551224283795
mscoco,Full,6513,2,t2i_old,0.5012693327624935
mscoco,Full,6513,3,i2t_map,0.5139262316639369
mscoco,Full,6513,3,i2t_old,0.5044642463161877
mscoco,Full,6513,3,t2i_map,0.5291742968712425
mscoco,Full,6513,3,t2i_old,0.5171797263365917
mscoco,Full,6513,4,i2t_map,0.5273019965058584
mscoco,Full,6513,4,i2t_old,0.5166909040308737
mscoco,Full,6513,4,t2i_map,0.5442814025045483
mscoco,Full,6513,4,t2i_old,0.5310954776070685
mscoco,Full,6513,5,i2t_map,0.5323954385452098
mscoco,Full,6513,5,i2t_old,0.5259253589622106
mscoco,Full,6513,5,t2i_map,0.55368552489969
mscoco,Full,6513,5,t2i_old,0.543543966790041
mscoco,Full,6513,6,i2t_map,0.5433209764756801
mscoco,Full,6513,6,i2t_old,0.5372201145126282
mscoco,Full,6513,6,t2i_map,0.5599744613231443
mscoco,Full,6513,6,t2i_old,0.552924333358044
mscoco,Full,6513,7,i2t_map,0.5487371011626775
mscoco,Full,6513,7,i2t_old,0.5449618305102721
mscoco,Full,6513,7,t2i_map,0.5651450983625396
mscoco,Full,6513,7,t2i_old,0.5594402725758537
mscoco,Full,6513,8,i2t_map,0.552014739717579
mscoco,Full,6513,8,i2t_old,0.5481940278222236
mscoco,Full,6513,8,t2i_map,0.57063308322255
mscoco,Full,6513,8,t2i_old,0.5650668033739932
mscoco,Full,6513,9,i2t_map,0.5554459564150883
mscoco,Full,6513,9,i2t_old,0.5535426965859849
mscoco,Full,6513,9,t2i_map,0.5768579905809527
mscoco,Full,6513,9,t2i_old,0.5732297595697301
mscoco,Full,6513,10,i2t_map,0.5591720389364614
mscoco,Full,6513,10,i2t_old,0.5580909491589411
mscoco,Full,6513,10,t2i_map,0.5755617506953709
mscoco,Full,6513,10,t2i_old,0.5755823187956411
mscoco,Full,9231,1,i2t_map,0.4846608188643684
mscoco,Full,9231,1,i2t_old,nan
mscoco,Full,9231,1,t2i_map,0.5047661631059539
mscoco,Full,9231,1,t2i_old,nan
mscoco,Full,9231,2,i2t_map,0.5081803442883291
mscoco,Full,9231,2,i2t_old,0.48447420447078077
mscoco,Full,9231,2,t2i_map,0.5214457257884667
mscoco,Full,9231,2,t2i_old,0.4958070851495685
mscoco,Full,9231,3,i2t_map,0.517256578406748
mscoco,Full,9231,3,i2t_old,0.5037823231450947
mscoco,Full,9231,3,t2i_map,0.5337664903340374
mscoco,Full,9231,3,t2i_old,0.5175591537436304
mscoco,Full,9231,4,i2t_map,0.5288717159018768
mscoco,Full,9231,4,i2t_old,0.5208564509375884
mscoco,Full,9231,4,t2i_map,0.5423420764237089
mscoco,Full,9231,4,t2i_old,0.5302338978682165
mscoco,Full,9231,5,i2t_map,0.5330688304716824
mscoco,Full,9231,5,i2t_old,0.5262276144189186
mscoco,Full,9231,5,t2i_map,0.5520392510401154
mscoco,Full,9231,5,t2i_old,0.5400764662093283
mscoco,Full,9231,6,i2t_map,0.5456905717259897
mscoco,Full,9231,6,i2t_old,0.5381695393022506
mscoco,Full,9231,6,t2i_map,0.56010353536443
mscoco,Full,9231,6,t2i_old,0.5551315205386098
mscoco,Full,9231,7,i2t_map,0.5458873172129012
mscoco,Full,9231,7,i2t_old,0.5427850964326368
mscoco,Full,9231,7,t2i_map,0.5667586269520585
mscoco,Full,9231,7,t2i_old,0.5605928427667679
mscoco,Full,9231,8,i2t_map,0.5545938374974356
mscoco,Full,9231,8,i2t_old,0.54939066071576
mscoco,Full,9231,8,t2i_map,0.5726301380776947
mscoco,Full,9231,8,t2i_old,0.5682657252368365
mscoco,Full,9231,9,i2t_map,0.5623419453453872
mscoco,Full,9231,9,i2t_old,0.5574113926519839
mscoco,Full,9231,9,t2i_map,0.5820001916459967
mscoco,Full,9231,9,t2i_old,0.5767409593740666
mscoco,Full,9231,10,i2t_map,0.564854278637103
mscoco,Full,9231,10,i2t_old,0.5602556430234041
mscoco,Full,9231,10,t2i_map,0.5833982083887782
mscoco,Full,9231,10,t2i_old,0.5798001937412528
mscoco,UIH,2096,1,i2t_map,0.26701228679249
mscoco,UIH,2096,1,i2t_old,nan
mscoco,UIH,2096,1,t2i_map,0.2644055418950703
mscoco,UIH,2096,1,t2i_old,nan
mscoco,UIH,2096,2,i2t_map,0.2652534733036728
mscoco,UIH,2096,2,i2t_old,0.26579804086888287
mscoco,UIH,2096,2,t2i_map,0.26560010195784484
mscoco,UIH,2096,2,t2i_old,0.2628796301658327
mscoco,UIH,2096,3,i2t_map,0.26561607815460586
mscoco,UIH,2096,3,i2t_old,0.2645958270944091
mscoco,UIH,2096,3,t2i_map,0.2689626570817397
mscoco,UIH,2096,3,t2i_old,0.26231639956374625
mscoco,UIH,2096,4,i2t_map,0.2698518225009867
mscoco,UIH,2096,4,i2t_old,0.2634082475733928
mscoco,UIH,2096,4,t2i_map,0.2724783011112213
mscoco,UIH,2096,4,t2i_old,0.2673848608877831
mscoco,UIH,2096,5,i2t_map,0.2684688915640196
mscoco,UIH,2096,5,i2t_old,0.26957111689593494
mscoco,UIH,2096,5,t2i_map,0.27216593433332015
mscoco,UIH,2096,5,t2i_old,0.2731899511367721
mscoco,UIH,2096,6,i2t_map,0.27552205078991043
mscoco,UIH,2096,6,i2t_old,0.26599398431303406
mscoco,UIH,2096,6,t2i_map,0.27697632889276647
mscoco,UIH,2096,6,t2i_old,0.27027173179366343
mscoco,UIH,2096,7,i2t_map,0.27279930763903243
mscoco,UIH,2096,7,i2t_old,0.27677588838828515
mscoco,UIH,2096,7,t2i_map,0.27486703871015117
mscoco,UIH,2096,7,t2i_old,0.274867623324324
mscoco,UIH,2096,8,i2t_map,0.26858061707872444
mscoco,UIH,2096,8,i2t_old,0.27005401849531846
mscoco,UIH,2096,8,t2i_map,0.2708473419544648
mscoco,UIH,2096,8,t2i_old,0.27153793584908503
mscoco,UIH,2096,9,i2t_map,0.2677442901801473
mscoco,UIH,2096,9,i2t_old,0.2681806652104168
mscoco,UIH,2096,9,t2i_map,0.26975761483453103
mscoco,UIH,2096,9,t2i_old,0.27026443227810226
mscoco,UIH,2096,10,i2t_map,0.26494923423504996
mscoco,UIH,2096,10,i2t_old,0.2658658044188058
mscoco,UIH,2096,10,t2i_map,0.26807202907113964
mscoco,UIH,2096,10,t2i_old,0.2691016535710209
mscoco,UIH,6513,1,i2t_map,0.26681300610723896
mscoco,UIH,6513,1,i2t_old,nan
mscoco,UIH,6513,1,t2i_map,0.2644506337301657
mscoco,UIH,6513,1,t2i_old,nan
mscoco,UIH,6513,2,i2t_map,0.26398225216927695
mscoco,UIH,6513,2,i2t_old,0.2654462172123962
mscoco,UIH,6513,2,t2i_map,0.26466487131752947
mscoco,UIH,6513,2,t2i_old,0.2636869031109349
mscoco,UIH,6513,3,i2t_map,0.2657089218418987
mscoco,UIH,6513,3,i2t_old,0.26415995497412453
mscoco,UIH,6513,3,t2i_map,0.26863141072392366
mscoco,UIH,6513,3,t2i_old,0.26102307918508216
mscoco,UIH,6513,4,i2t_map,0.27242912580371825
mscoco,UIH,6513,4,i2t_old,0.26298514315976684
mscoco,UIH,6513,4,t2i_map,0.27335882776690135
mscoco,UIH,6513,4,t2i_old,0.26927921825414497
mscoco,UIH,6513,5,i2t_map,0.27009078135659587
mscoco,UIH,6513,5,i2t_old,0.2718172817241643
mscoco,UIH,6513,5,t2i_map,0.2728424530791313
mscoco,UIH,6513,5,t2i_old,0.27441031751571104
mscoco,UIH,6513,6,i2t_map,0.27529178180226294
mscoco,UIH,6513,6,i2t_old,0.26538387492279036
mscoco,UIH,6513,6,t2i_map,0.2783841405220826
mscoco,UIH,6513,6,t2i_old,0.27078815789489197
mscoco,UIH,6513,7,i2t_map,0.274332610551579
mscoco,UIH,6513,7,i2t_old,0.27748683059148627
mscoco,UIH,6513,7,t2i_map,0.2747279406699766
mscoco,UIH,6513,7,t2i_old,0.27605642995974744
mscoco,UIH,6513,8,i2t_map,0.27009567484909963
mscoco,UIH,6513,8,i2t_old,0.27286076155404904
mscoco,UIH,6513,8,t2i_map,0.2751215692862945
mscoco,UIH,6513,8,t2i_old,0.2733354473943687
mscoco,UIH,6513,9,i2t_map,0.2654965023268411
mscoco,UIH,6513,9,i2t_old,0.26863744186182237
mscoco,UIH,6513,9,t2i_map,0.27257066065064506
mscoco,UIH,6513,9,t2i_old,0.2712943159095762
mscoco,UIH,6513,10,i2t_map,0.26500489225685747
mscoco,UIH,6513,10,i2t_old,0.2657900323185052
mscoco,UIH,6513,10,t2i_map,0.2714237465081062
mscoco,UIH,6513,10,t2i_old,0.2725531728325192
mscoco,UIH,9231,1,i2t_map,0.2664468935089533
mscoco,UIH,9231,1,i2t_old,nan
mscoco,UIH,9231,1,t2i_map,0.2639468501110881
mscoco,UIH,9231,1,t2i_old,nan
mscoco,UIH,9231,2,i2t_map,0.2653847197858316
mscoco,UIH,9231,2,i2t_old,0.26681803386744185
mscoco,UIH,9231,2,t2i_map,0.2645338640544865
mscoco,UIH,9231,2,t2i_old,0.2607857487089009
mscoco,UIH,9231,3,i2t_map,0.2653826670078012
mscoco,UIH,9231,3,i2t_old,0.2643145302424089
mscoco,UIH,9231,3,t2i_map,0.267924182983613
mscoco,UIH,9231,3,t2i_old,0.26136226823450265
mscoco,UIH,9231,4,i2t_map,0.27186703165394577
mscoco,UIH,9231,4,i2t_old,0.26140714027565315
mscoco,UIH,9231,4,t2i_map,0.276781654249572
mscoco,UIH,9231,4,t2i_old,0.2665066860763554
mscoco,UIH,9231,5,i2t_map,0.2696287948687296
mscoco,UIH,9231,5,i2t_old,0.2716343638154322
mscoco,UIH,9231,5,t2i_map,0.2734681576221782
mscoco,UIH,9231,5,t2i_old,0.27508556307304605
mscoco,UIH,9231,6,i2t_map,0.2704318222985948
mscoco,UIH,9231,6,i2t_old,0.2666646939442268
mscoco,UIH,9231,6,t2i_map,0.2756877371032782
mscoco,UIH,9231,6,t2i_old,0.27164514735077394
mscoco,UIH,9231,7,i2t_map,0.27035658548592384
mscoco,UIH,9231,7,i2t_old,0.27346550165579353
mscoco,UIH,9231,7,t2i_map,0.2756335538994035
mscoco,UIH,9231,7,t2i_old,0.2769845578600754
mscoco,UIH,9231,8,i2t_map,0.2687031494120833
mscoco,UIH,9231,8,i2t_old,0.2680373227127407
mscoco,UIH,9231,8,t2i_map,0.27298594939298665
mscoco,UIH,9231,8,t2i_old,0.2719377810598798
mscoco,UIH,9231,9,i2t_map,0.2680867308682883
mscoco,UIH,9231,9,i2t_old,0.26812086588225
mscoco,UIH,9231,9,t2i_map,0.27217173054289195
mscoco,UIH,9231,9,t2i_old,0.27052435955250503
mscoco,UIH,9231,10,i2t_map,0.26721343405312753
mscoco,UIH,9231,10,i2t_old,0.2678376957925136
mscoco,UIH,9231,10,t2i_map,0.27219606026051757
mscoco,UIH,9231,10,t2i_old,0.2737503569696328
nuswide81,Full,2096,1,i2t_map,0.3433903263045875
nuswide81,Full,2096,1,i2t_old,nan
nuswide81,Full,2096,1,t2i_map,0.32711607916421104
nuswide81,Full,2096,1,t2i_old,nan
nuswide81,Full,2096,2,i2t_map,0.35789729858949365
nuswide81,Full,2096,2,i2t_old,0.3472311514856258
nuswide81,Full,2096,2,t2i_map,0.33950593588985273
nuswide81,Full,2096,2,t2i_old,0.33370713065485336
nuswide81,Full,2096,3,i2t_map,0.36742001232748034
nuswide81,Full,2096,3,i2t_old,0.36152131957251366
nuswide81,Full,2096,3,t2i_map,0.3431860242799275
nuswide81,Full,2096,3,t2i_old,0.3391076217200574
nuswide81,Full,2096,4,i2t_map,0.36713739344122825
nuswide81,Full,2096,4,i2t_old,0.36266151694585985
nuswide81,Full,2096,4,t2i_map,0.3521439286171802
nuswide81,Full,2096,4,t2i_old,0.34788238318528963
nuswide81,Full,2096,5,i2t_map,0.3729754004299991
nuswide81,Full,2096,5,i2t_old,0.37015386302091685
nuswide81,Full,2096,5,t2i_map,0.35676868907390646
nuswide81,Full,2096,5,t2i_old,0.3529790494654004
nuswide81,Full,2096,6,i2t_map,0.36994863043805176
nuswide81,Full,2096,6,i2t_old,0.36759799004953086
nuswide81,Full,2096,6,t2i_map,0.3559469040633453
nuswide81,Full,2096,6,t2i_old,0.35438209478420585
nuswide81,Full,2096,7,i2t_map,0.37273165708064887
nuswide81,Full,2096,7,i2t_old,0.3707522932396141
nuswide81,Full,2096,7,t2i_map,0.366105475603697
nuswide81,Full,2096,7,t2i_old,0.3636391553130065
nuswide81,Full,2096,8,i2t_map,0.3752989845720799
nuswide81,Full,2096,8,i2t_old,0.37335285198307216
nuswide81,Full,2096,8,t2i_map,0.362351473565314
nuswide81,Full,2096,8,t2i_old,0.3606102150956004
nuswide81,Full,2096,9,i2t_map,0.3774789166625338
nuswide81,Full,2096,9,i2t_old,0.37635152714403475
nuswide81,Full,2096,9,t2i_map,0.3615932572375171
nuswide81,Full,2096,9,t2i_old,0.3601482954983061
nuswide81,Full,2096,10,i2t_map,0.3814261760036745
nuswide81,Full,2096,10,i2t_old,0.38016233027773066
nuswide81,Full,2096,10,t2i_map,0.36550434735235493
nuswide81,Full,2096,10,t2i_old,0.36437368018800437
nuswide81,Full,6513,1,i2t_map,0.34905391632647326
nuswide81,Full,6513,1,i2t_old,nan
nuswide81,Full,6513,1,t2i_map,0.3322863931519759
nuswide81,Full,6513,1,t2i_old,nan
nuswide81,Full,6513,2,i2t_map,0.35686289958288075
nuswide81,Full,6513,2,i2t_old,0.3480713709319298
nuswide81,Full,6513,2,t2i_map,0.3444396021705982
nuswide81,Full,6513,2,t2i_old,0.3390492986584026
nuswide81,Full,6513,3,i2t_map,0.3649918680175254
nuswide81,Full,6513,3,i2t_old,0.36085680658346253
nuswide81,Full,6513,3,t2i_map,0.34266004893507734
nuswide81,Full,6513,3,t2i_old,0.33981136380069143
nuswide81,Full,6513,4,i2t_map,0.36515215711313065
nuswide81,Full,6513,4,i2t_old,0.36134363159715316
nuswide81,Full,6513,4,t2i_map,0.35289658994719114
nuswide81,Full,6513,4,t2i_old,0.3499275117268792
nuswide81,Full,6513,5,i2t_map,0.36550529187474734
nuswide81,Full,6513,5,i2t_old,0.3631944980624987
nuswide81,Full,6513,5,t2i_map,0.35272051977489277
nuswide81,Full,6513,5,t2i_old,0.3497502159306025
nuswide81,Full,6513,6,i2t_map,0.36992408888498635
nuswide81,Full,6513,6,i2t_old,0.36700672231223597
nuswide81,Full,6513,6,t2i_map,0.354474947652995
nuswide81,Full,6513,6,t2i_old,0.35236008450209877
nuswide81,Full,6513,7,i2t_map,0.3780136117057178
nuswide81,Full,6513,7,i2t_old,0.3754913752930167
nuswide81,Full,6513,7,t2i_map,0.36408001072694196
nuswide81,Full,6513,7,t2i_old,0.3623506779014811
nuswide81,Full,6513,8,i2t_map,0.37943622857358306
nuswide81,Full,6513,8,i2t_old,0.37798724460666366
nuswide81,Full,6513,8,t2i_map,0.35949791839132395
nuswide81,Full,6513,8,t2i_old,0.35846703057775986
nuswide81,Full,6513,9,i2t_map,0.3756339503262806
nuswide81,Full,6513,9,i2t_old,0.37490155078504367
nuswide81,Full,6513,9,t2i_map,0.3602398678443256
nuswide81,Full,6513,9,t2i_old,0.3590383079122655
nuswide81,Full,6513,10,i2t_map,0.3791949221396125
nuswide81,Full,6513,10,i2t_old,0.3780135328913877
nuswide81,Full,6513,10,t2i_map,0.3627322275698757
nuswide81,Full,6513,10,t2i_old,0.3613350582196561
nuswide81,Full,9231,1,i2t_map,0.3518830569704237
nuswide81,Full,9231,1,i2t_old,nan
nuswide81,Full,9231,1,t2i_map,0.32226832912675396
nuswide81,Full,9231,1,t2i_old,nan
nuswide81,Full,9231,2,i2t_map,0.3548502749101726
nuswide81,Full,9231,2,i2t_old,0.34555561616215896
nuswide81,Full,9231,2,t2i_map,0.3444068266565867
nuswide81,Full,9231,2,t2i_old,0.3382194679829926
nuswide81,Full,9231,3,i2t_map,0.36815220535044646
nuswide81,Full,9231,3,i2t_old,0.36175917755811904
nuswide81,Full,9231,3,t2i_map,0.3447711128186212
nuswide81,Full,9231,3,t2i_old,0.34022352166715625
nuswide81,Full,9231,4,i2t_map,0.3663341401144801
nuswide81,Full,9231,4,i2t_old,0.36320270654185716
nuswide81,Full,9231,4,t2i_map,0.3516223220615609
nuswide81,Full,9231,4,t2i_old,0.34724507954659717
nuswide81,Full,9231,5,i2t_map,0.37184079575189755
nuswide81,Full,9231,5,i2t_old,0.3688773719607162
nuswide81,Full,9231,5,t2i_map,0.3528375033385697
nuswide81,Full,9231,5,t2i_old,0.35035858847127377
nuswide81,Full,9231,6,i2t_map,0.36391282998413704
nuswide81,Full,9231,6,i2t_old,0.36219119987929727
nuswide81,Full,9231,6,t2i_map,0.3544241694534862
nuswide81,Full,9231,6,t2i_old,0.3525730509255396
nuswide81,Full,9231,7,i2t_map,0.3753067976981422
nuswide81,Full,9231,7,i2t_old,0.37367535771870597
nuswide81,Full,9231,7,t2i_map,0.35871765285594215
nuswide81,Full,9231,7,t2i_old,0.3571603388342291
nuswide81,Full,9231,8,i2t_map,0.37074058115894204
nuswide81,Full,9231,8,i2t_old,0.3696413494353213
nuswide81,Full,9231,8,t2i_map,0.3573508026682002
nuswide81,Full,9231,8,t2i_old,0.35627920344305564
nuswide81,Full,9231,9,i2t_map,0.3682357951244396
nuswide81,Full,9231,9,i2t_old,0.36776560032370553
nuswide81,Full,9231,9,t2i_map,0.3630281828601546
nuswide81,Full,9231,9,t2i_old,0.36191580242672944
nuswide81,Full,9231,10,i2t_map,0.377994635458177
nuswide81,Full,9231,10,i2t_old,0.3772223865692731
nuswide81,Full,9231,10,t2i_map,0.36713278445964603
nuswide81,Full,9231,10,t2i_old,0.3662907745303624
nuswide81,UIH,2096,1,i2t_map,0.1657987245712743
nuswide81,UIH,2096,1,i2t_old,nan
nuswide81,UIH,2096,1,t2i_map,0.15535702118423797
nuswide81,UIH,2096,1,t2i_old,nan
nuswide81,UIH,2096,2,i2t_map,0.12682131156032475
nuswide81,UIH,2096,2,i2t_old,0.15681105444639526
nuswide81,UIH,2096,2,t2i_map,0.12176178436302598
nuswide81,UIH,2096,2,t2i_old,0.14834111170916084
nuswide81,UIH,2096,3,i2t_map,0.11639640936059595
nuswide81,UIH,2096,3,i2t_old,0.12556598132465002
nuswide81,UIH,2096,3,t2i_map,0.11281418289650326
nuswide81,UIH,2096,3,t2i_old,0.11991078916821057
nuswide81,UIH,2096,4,i2t_map,0.1122175679106486
nuswide81,UIH,2096,4,i2t_old,0.11491601521088424
nuswide81,UIH,2096,4,t2i_map,0.10946719930700369
nuswide81,UIH,2096,4,t2i_old,0.11095533150089687
nuswide81,UIH,2096,5,i2t_map,0.11049168344341999
nuswide81,UIH,2096,5,i2t_old,0.11024045659796404
nuswide81,UIH,2096,5,t2i_map,0.10862411025729055
nuswide81,UIH,2096,5,t2i_old,0.10836478817455479
nuswide81,UIH,2096,6,i2t_map,0.10922580893564782
nuswide81,UIH,2096,6,i2t_old,0.10999354822319761
nuswide81,UIH,2096,6,t2i_map,0.10752624143098162
nuswide81,UIH,2096,6,t2i_old,0.10856762867558689
nuswide81,UIH,2096,7,i2t_map,0.10849577856223072
nuswide81,UIH,2096,7,i2t_old,0.10894748226789004
nuswide81,UIH,2096,7,t2i_map,0.10748901485602028
nuswide81,UIH,2096,7,t2i_old,0.10767138027604196
nuswide81,UIH,2096,8,i2t_map,0.10756993563669758
nuswide81,UIH,2096,8,i2t_old,0.10751484035927515
nuswide81,UIH,2096,8,t2i_map,0.10692129494950173
nuswide81,UIH,2096,8,t2i_old,0.10707069384806511
nuswide81,UIH,2096,9,i2t_map,0.10716236679825927
nuswide81,UIH,2096,9,i2t_old,0.10755846706635909
nuswide81,UIH,2096,9,t2i_map,0.1063774530066759
nuswide81,UIH,2096,9,t2i_old,0.10686479261876802
nuswide81,UIH,2096,10,i2t_map,0.10680629304751318
nuswide81,UIH,2096,10,i2t_old,0.10718417561955755
nuswide81,UIH,2096,10,t2i_map,0.10595251863951956
nuswide81,UIH,2096,10,t2i_old,0.10632784743543396
nuswide81,UIH,6513,1,i2t_map,0.16573467134697004
nuswide81,UIH,6513,1,i2t_old,nan
nuswide81,UIH,6513,1,t2i_map,0.1554236711886908
nuswide81,UIH,6513,1,t2i_old,nan
nuswide81,UIH,6513,2,i2t_map,0.1267641334947554
nuswide81,UIH,6513,2,i2t_old,0.15639722733951558
nuswide81,UIH,6513,2,t2i_map,0.12078683954773821
nuswide81,UIH,6513,2,t2i_old,0.14745155054216413
nuswide81,UIH,6513,3,i2t_map,0.11680166706632114
nuswide81,UIH,6513,3,i2t_old,0.12599957417469673
nuswide81,UIH,6513,3,t2i_map,0.1122788565404079
nuswide81,UIH,6513,3,t2i_old,0.11934829788173633
nuswide81,UIH,6513,4,i2t_map,0.11200259440897739
nuswide81,UIH,6513,4,i2t_old,0.11520525355483335
nuswide81,UIH,6513,4,t2i_map,0.10947581107212166
nuswide81,UIH,6513,4,t2i_old,0.11091974595766764
nuswide81,UIH,6513,5,i2t_map,0.10944094661557721
nuswide81,UIH,6513,5,i2t_old,0.10898933709285018
nuswide81,UIH,6513,5,t2i_map,0.10814421785990712
nuswide81,UIH,6513,5,t2i_old,0.10843632943164419
nuswide81,UIH,6513,6,i2t_map,0.10843504344063115
nuswide81,UIH,6513,6,i2t_old,0.10889203355853681
nuswide81,UIH,6513,6,t2i_map,0.10730406089856254
nuswide81,UIH,6513,6,t2i_old,0.10784807919260765
nuswide81,UIH,6513,7,i2t_map,0.1079593969302587
nuswide81,UIH,6513,7,i2t_old,0.10825538144950096
nuswide81,UIH,6513,7,t2i_map,0.10696539456024759
nuswide81,UIH,6513,7,t2i_old,0.107215664266712
nuswide81,UIH,6513,8,i2t_map,0.10714708717380327
nuswide81,UIH,6513,8,i2t_old,0.1077356062657291
nuswide81,UIH,6513,8,t2i_map,0.10641377019301473
nuswide81,UIH,6513,8,t2i_old,0.1069275530619053
nuswide81,UIH,6513,9,i2t_map,0.10889766845768775
nuswide81,UIH,6513,9,i2t_old,0.10682919654280393
nuswide81,UIH,6513,9,t2i_map,0.10832737203320596
nuswide81,UIH,6513,9,t2i_old,0.10648868195728305
nuswide81,UIH,6513,10,i2t_map,0.10829341159622177
nuswide81,UIH,6513,10,i2t_old,0.10877630647128905
nuswide81,UIH,6513,10,t2i_map,0.10788241098398058
nuswide81,UIH,6513,10,t2i_old,0.10841983677649221
nuswide81,UIH,9231,1,i2t_map,0.16524605972961284
nuswide81,UIH,9231,1,i2t_old,nan
nuswide81,UIH,9231,1,t2i_map,0.15530090250988055
nuswide81,UIH,9231,1,t2i_old,nan
nuswide81,UIH,9231,2,i2t_map,0.12610317798962603
nuswide81,UIH,9231,2,i2t_old,0.15704723928438372
nuswide81,UIH,9231,2,t2i_map,0.12045182234744647
nuswide81,UIH,9231,2,t2i_old,0.14812997448165094
nuswide81,UIH,9231,3,i2t_map,0.1166028274965845
nuswide81,UIH,9231,3,i2t_old,0.12523238162516728
nuswide81,UIH,9231,3,t2i_map,0.11271862796280187
nuswide81,UIH,9231,3,t2i_old,0.11947967928689461
nuswide81,UIH,9231,4,i2t_map,0.11214211840460322
nuswide81,UIH,9231,4,i2t_old,0.1151966849161711
nuswide81,UIH,9231,4,t2i_map,0.10976105550578845
nuswide81,UIH,9231,4,t2i_old,0.111343994241871
nuswide81,UIH,9231,5,i2t_map,0.10992182060208668
nuswide81,UIH,9231,5,i2t_old,0.11006117682443951
nuswide81,UIH,9231,5,t2i_map,0.1083974909910373
nuswide81,UIH,9231,5,t2i_old,0.1089895048515707
nuswide81,UIH,9231,6,i2t_map,0.10868181746373368
nuswide81,UIH,9231,6,i2t_old,0.10958619548177269
nuswide81,UIH,9231,6,t2i_map,0.10727840540415289
nuswide81,UIH,9231,6,t2i_old,0.1084353215815368
nuswide81,UIH,9231,7,i2t_map,0.10741110661337534
nuswide81,UIH,9231,7,i2t_old,0.10823734095754453
nuswide81,UIH,9231,7,t2i_map,0.10680259520774268
nuswide81,UIH,9231,7,t2i_old,0.10733874289026236
nuswide81,UIH,9231,8,i2t_map,0.10805941113630341
nuswide81,UIH,9231,8,i2t_old,0.10740870561834602
nuswide81,UIH,9231,8,t2i_map,0.10745631824812399
nuswide81,UIH,9231,8,t2i_old,0.10760206446475386
nuswide81,UIH,9231,9,i2t_map,0.10748439743419137
nuswide81,UIH,9231,9,i2t_old,0.10809242180194126
nuswide81,UIH,9231,9,t2i_map,0.1065409840412377
nuswide81,UIH,9231,9,t2i_old,0.10729399139814512
nuswide81,UIH,9231,10,i2t_map,0.10703851519652058
nuswide81,UIH,9231,10,i2t_old,0.10744057518448208
nuswide81,UIH,9231,10,t2i_map,0.10607472547023636
nuswide81,UIH,9231,10,t2i_old,0.10661514188427607
